Station Name,Address,Locality,Zone,PIN Code,Operator / Network,Charger Type,Charging Speed,Supported Brand,Pricing / Tariff,Status / Access
EESL / NDMC - Khan Market Charging Hub,"Khan Market, Rabindra Nagar, New Delhi",Khan Market,Central Delhi,110003,EESL / NDMC,"DC-001 (15 kW), CCS-2",15 kW (Bharat DC-001 Fast),"All CCS-2 compatible 4Ws (Tata, Mahindra, MG, Hyundai, Kia, BYD, etc.)",₹14 - ₹18 / kWh,Public (24/7)
NDMC - Sardar Patel Bhawan PCS,"Outside Standard Chartered Bank, Sardar Patel Bhawan, Sansad Marg",Sansad Marg,New Delhi,110001,NDMC,DC Fast Charger (15 kW),15 kW (Bharat DC-001 Fast),Universal / Multi-brand EV,₹14 - ₹18 / kWh,Public (24/7)
EESL - Barakhamba Fire Brigade Lane,"Near NDMC Office, Fire Brigade Lane, Barakhamba Road, Connaught Place",Connaught Place,Central Delhi,110001,EESL / NDMC,DC Fast (15 kW) / AC Type 2,15 kW (Bharat DC-001 Fast),"All Type 2 AC compatible 4Ws & 2Ws (Tata, MG, Mahindra, Ather, Vida, etc.)",₹14 - ₹18 / kWh,Public (24/7)
NDMC - Shankar Market Charging Point,"Outside Devinder Collections, Block 11, Shankar Market, Connaught Place",Connaught Place,Central Delhi,110001,NDMC / EESL,DC-001 (15 kW),15 kW (Bharat DC-001 Fast),"Compatible DC-001 EVs & Commercial Fleets (Tata Tigor EV legacy, Mahindra e-Verito, BluSmart/Fleet 4Ws)",₹14 - ₹18 / kWh,Public (24/7)
Tata Power - Irwin Road Connaught Place,"Baba Kharak Singh Marg, Hanuman Road Area, Connaught Place",Connaught Place,Central Delhi,110001,Tata Power EZ Charge,"CCS-2 (50 kW), CHAdeMO, AC Type 2",50 kW (Fast DC),"All CCS-2 & Type 2 compatible 4Ws & 2Ws (Tata, Mahindra, MG, Hyundai, Kia, BYD, Ather, etc.)",₹16 - ₹20 / kWh,Public (24/7)
ChargeZone - Le Méridien Delhi Hub,"Le Méridien, 8 Windsor Place, Janpath, Raisina Road",Janpath,Central Delhi,110001,ChargeZone,CCS-2 (60 kW Dual Gun Fast DC),60 kW (Fast DC),"All CCS-2 compatible 4Ws (Tata, Mahindra, MG, Hyundai, Kia, BYD, etc.)",₹16 - ₹20 / kWh,Public (24/7)
EESL - Gole Market Charging Point,"Outside Jain Bhawan, 12 Shaheed Bhagat Singh Marg, Gole Market",Gole Market,Central Delhi,110001,NDMC / EESL,DC Fast Charger (15 kW),15 kW (Bharat DC-001 Fast),Universal / Multi-brand EV,₹14 - ₹18 / kWh,Public (24/7)
NDMC - Prithviraj Market Station,"Prithviraj Market, Rabindra Nagar",Rabindra Nagar,New Delhi,110003,NDMC / EESL,"Type 2 AC (22 kW), DC Fast",22 kW (AC Fast),"All Type 2 AC compatible 4Ws & 2Ws (Tata, MG, Mahindra, Ather, Vida, etc.)",₹14 - ₹18 / kWh,Public (24/7)
NDMC - Jor Bagh Colony Market,"Outside RWA Park, Jor Bagh Market, Jor Bagh Colony Road",Jor Bagh,South Delhi,110003,NDMC,DC-001 (15 kW),15 kW (Bharat DC-001 Fast),"Compatible DC-001 EVs & Commercial Fleets (Tata Tigor EV legacy, Mahindra e-Verito, BluSmart/Fleet 4Ws)",₹14 - ₹18 / kWh,Public (24/7)
EESL - Lodhi Colony Palika Hospital,"Palika Maternity Hospital, Lodhi Colony",Lodhi Colony,South Delhi,110003,EESL / NDMC,DC-001 (15 kW),15 kW (Bharat DC-001 Fast),"Compatible DC-001 EVs & Commercial Fleets (Tata Tigor EV legacy, Mahindra e-Verito, BluSmart/Fleet 4Ws)",₹14 - ₹18 / kWh,Public (24/7)
NDMC - Chanakyapuri Yashwant Place,"Near Bikanervala, Yashwant Place Commercial Complex, Chanakyapuri",Chanakyapuri,New Delhi,110021,NDMC,DC Fast Charger (15 kW),15 kW (Bharat DC-001 Fast),Universal / Multi-brand EV,₹14 - ₹18 / kWh,Public (24/7)
Sunfuel - ITC Maurya Chanakyapuri,"ITC Maurya, Sardar Patel Marg, Diplomatic Enclave, Chanakyapuri",Chanakyapuri,New Delhi,110021,Sunfuel Electric,AC Type 2 (7.4 kW / 22 kW),22 kW (AC Fast),"All Type 2 AC compatible 4Ws & 2Ws (Tata, MG, Mahindra, Ather, Vida, etc.)",₹10 - ₹13 / kWh,Public / Hotel Guests
NDMC - Malcha Market Diplomatic Enclave,"Dharma Marg, Block Y, Diplomatic Enclave, Malcha Market",Malcha Marg,New Delhi,110021,NDMC,DC-001 (15 kW),15 kW (Bharat DC-001 Fast),"Compatible DC-001 EVs & Commercial Fleets (Tata Tigor EV legacy, Mahindra e-Verito, BluSmart/Fleet 4Ws)",₹14 - ₹18 / kWh,Public (24/7)
EESL - Rafi Marg Chelmsford Club Parking,"Opposite Anusandhan Bhawan, Next to Mavalankar Auditorium, Rafi Marg",Rafi Marg,Central Delhi,110001,EESL,"CCS-2, CHAdeMO, AC Type 2",7.4 kW - 22 kW (AC Fast),"All CCS-2 & Type 2 compatible 4Ws & 2Ws (Tata, Mahindra, MG, Hyundai, Kia, BYD, Ather, etc.)",₹10 - ₹13 / kWh,Public (10:00 AM - 07:00 PM)
BRPL - NDSE Grid Substation PCS,"BSES Rajdhani Power Limited Grid Substation, South Extension Part 1",South Extension,South Delhi,110049,BSES Rajdhani (BRPL),"CCS-2, CHAdeMO, Bharat DC-001",15 kW (Bharat DC-001 Fast),"All CCS-2 compatible 4Ws (Tata, Mahindra, MG, Hyundai, Kia, BYD, etc.)",₹14 - ₹18 / kWh,Public (24/7)
Statiq - Defence Colony Hub,"A-359, Varun Marg Market, Near Gol Gumbad, Block A, Defence Colony",Defence Colony,South Delhi,110024,Statiq,CCS-2 Fast DC (60 kW),60 kW (Fast DC),"All CCS-2 compatible 4Ws (Tata, Mahindra, MG, Hyundai, Kia, BYD, etc.)",₹16 - ₹20 / kWh,Public (24/7)
Statiq - Moolchand Metro Station Hub,"Moolchand Metro Station Parking, Vikram Vihar, Lajpat Nagar IV",Lajpat Nagar,South Delhi,110024,Statiq / DMRC,CCS-2 Dual Fast DC (60 kW),60 kW (Fast DC),"All CCS-2 compatible 4Ws (Tata, Mahindra, MG, Hyundai, Kia, BYD, etc.)",₹16 - ₹20 / kWh,Public (24/7)
Statiq - IIT Delhi Hauz Khas,"Near Gate No. 1, Indian Institute of Technology Delhi, Hauz Khas",Hauz Khas,South Delhi,110016,Statiq,CCS-2 Fast DC (60 kW),60 kW (Fast DC),"All CCS-2 compatible 4Ws (Tata, Mahindra, MG, Hyundai, Kia, BYD, etc.)",₹16 - ₹20 / kWh,Public (24/7)
DMRC - Hauz Khas Metro Station Parking,"Sri Krishna Chaitanya Mahaprabhu Marg, Block F, Police Colony, Hauz Khas",Hauz Khas,South Delhi,110016,DMRC / ChargeZone,CCS-2 (30 kW DC Fast),30 kW (Fast DC),"All CCS-2 compatible 4Ws (Tata, Mahindra, MG, Hyundai, Kia, BYD, etc.)",₹14 - ₹18 / kWh,Public (24/7)
NDMC - Sarojini Nagar Multi-level Parking,"Sarojini Nagar Market Complex, Sarojini Nagar",Sarojini Nagar,South Delhi,110023,NDMC / DLF,"DC-001 (15 kW), AC Slow (3.3 kW)",15 kW (Bharat DC-001 Fast),"Compatible DC-001 EVs & Commercial Fleets (Tata Tigor EV legacy, Mahindra e-Verito, BluSmart/Fleet 4Ws)",₹14 - ₹18 / kWh,Public (24/7)
Tata Power - Saket District Centre,"Select Citywalk & Saket District Centre Parking, Saket",Saket,South Delhi,110017,Tata Power EZ Charge,"CCS-2 (60 kW Fast DC), AC Type 2",60 kW DC / 22 kW AC (Fast),"All CCS-2 & Type 2 compatible 4Ws & 2Ws (Tata, Mahindra, MG, Hyundai, Kia, BYD, Ather, etc.)",₹16 - ₹20 / kWh,Public (10:00 AM - 11:00 PM)
Tata Power - Soami Nagar Intimate Filling Station,"Panchsheel Marg, Soami Nagar North, Outer Ring Road",Panchsheel Park,South Delhi,110017,Tata Power EZ Charge,"CCS-2 (50 kW), CHAdeMO",50 kW (Fast DC),"All CCS-2 compatible 4Ws (Tata, Mahindra, MG, Hyundai, Kia, BYD, etc.)",₹16 - ₹20 / kWh,Public (24/7)
Tata Power - Sabarwal Service Station RK Puram,"IOCL Sabarwal Service Station, Tamil Sangam Marg, Sector 5, RK Puram",RK Puram,South West Delhi,110022,Tata Power / IOCL,CCS-2 (30 kW Fast DC),30 kW (Fast DC),"All CCS-2 compatible 4Ws (Tata, Mahindra, MG, Hyundai, Kia, BYD, etc.)",₹14 - ₹18 / kWh,Public (24/7)
Tata Power - Dr. Zakir Hussain Marg Charging Station,"Nineteenth Hole Service Station, Dr. Zakir Hussain Marg, Near Delhi Golf Club",Golf Links,South Delhi,110003,Tata Power / IOCL,CCS-2 Fast DC (50 kW),50 kW (Fast DC),"All CCS-2 compatible 4Ws (Tata, Mahindra, MG, Hyundai, Kia, BYD, etc.)",₹16 - ₹20 / kWh,Public (24/7)
Statiq - The Suryaa Hotel Hub,"The Suryaa New Delhi, New Friends Colony",New Friends Colony,South East Delhi,110025,Statiq,CCS-2 Fast DC (60 kW Dual Gun),60 kW (Fast DC),"All CCS-2 compatible 4Ws (Tata, Mahindra, MG, Hyundai, Kia, BYD, etc.)",₹16 - ₹20 / kWh,Public (24/7)
Tata Power - Okhla Phase 1 Charging Station,"Pocket A, C Block Road, Okhla Phase I, Okhla Industrial Area",Okhla Phase 1,South East Delhi,110020,Tata Power EZ Charge,"CCS-2 Fast DC, AC Type 2",7.4 kW - 22 kW (AC Fast),"All CCS-2 & Type 2 compatible 4Ws & 2Ws (Tata, Mahindra, MG, Hyundai, Kia, BYD, Ather, etc.)",₹14 - ₹18 / kWh,Public (24/7)
REIL - Mohan Cooperative Industrial Estate,"H5/B1 Mohan Cooperative Industrial Estate, Mathura Road, Badarpur",Badarpur / Mohan Cooperative,South East Delhi,110044,REIL,"Bharat AC-001 (10 kW), Bharat DC-001 (15 kW)",15 kW (Bharat DC-001 Fast),"Compatible DC-001 EVs & Commercial Fleets (Tata Tigor EV legacy, Mahindra e-Verito, BluSmart/Fleet 4Ws)",₹14 - ₹18 / kWh,Public (08:00 AM - 08:00 PM)
BRPL - Sarai Kale Khan Hazrat Nizamuddin Hub,"Plot No. 2, Musaddi Chowk, Sarai Kale Khan, ISBT / Nizamuddin",Sarai Kale Khan,South East Delhi,110013,BRPL / Massive Mobility,AC Type 2 & DC Fast,7.4 kW - 22 kW (AC Fast),"All Type 2 AC compatible 4Ws & 2Ws (Tata, MG, Mahindra, Ather, Vida, etc.)",₹14 - ₹18 / kWh,Public (24/7)
Statiq - Janakpuri District Centre Hub,"Basement No. 5 & MCD Surface Parking, 824 Prof. Joginder Singh Marg, Janakpuri District Centre",Janakpuri,West Delhi,110058,Statiq / MCD,"CCS-2 Fast DC (60 kW), AC Type 2",60 kW DC / 22 kW AC (Fast),"All CCS-2 & Type 2 compatible 4Ws & 2Ws (Tata, Mahindra, MG, Hyundai, Kia, BYD, Ather, etc.)",₹16 - ₹20 / kWh,Public (24/7)
Statiq - Uttam Nagar East Metro Hub,"Uttam Nagar East Metro Station Parking Area, Najafgarh Road",Uttam Nagar,West Delhi,110059,Statiq / DMRC,AC Type 2 (7.4 kW / 22 kW),22 kW (AC Fast),"All Type 2 AC compatible 4Ws & 2Ws (Tata, MG, Mahindra, Ather, Vida, etc.)",₹10 - ₹13 / kWh,Public (24/7)
Statiq - Tilak Nagar Choti Sabji Mandi MCD Hub,"MCD Parking Complex, Near Choti Sabji Mandi, Najafgarh Road, Tilak Nagar",Tilak Nagar,West Delhi,110018,Statiq / MCD,CCS-2 Fast DC (60 kW),60 kW (Fast DC),"All CCS-2 compatible 4Ws (Tata, Mahindra, MG, Hyundai, Kia, BYD, etc.)",₹16 - ₹20 / kWh,Public (24/7)
Statiq / BSES - Peeragarhi Metro Station Hub,"Ekta Enclave, Peeragarhi Village, Paschim Vihar, Near Peeragarhi Metro",Peeragarhi,West Delhi,110087,Statiq / BRPL,"CCS-2 Dual Fast DC, AC Slow/Fast",3.3 kW - 7.4 kW (AC Slow/Standard),"All CCS-2 & Type 2 compatible 4Ws & 2Ws (Tata, Mahindra, MG, Hyundai, Kia, BYD, Ather, etc.)",₹14 - ₹18 / kWh,Public (24/7)
Statiq - Paschim Vihar Metro Station Hub,"Near DJB Plant, Block J, Reserve Bank Enclave, Paschim Vihar",Paschim Vihar,West Delhi,110063,Statiq / BRPL,"AC Type 2, DC Fast",7.4 kW - 22 kW (AC Fast),"All Type 2 AC compatible 4Ws & 2Ws (Tata, MG, Mahindra, Ather, Vida, etc.)",₹14 - ₹18 / kWh,Public (24/7)
Statiq - DMRC Nangloi Railway Station Hub,"Rohtak Road, Nangloi Metro & Railway Station Parking",Nangloi,West Delhi,110041,Statiq / DMRC,CCS-2 (60 kW Fast DC) & AC,60 kW DC / 22 kW AC (Fast),"All CCS-2 & Type 2 compatible 4Ws & 2Ws (Tata, Mahindra, MG, Hyundai, Kia, BYD, Ather, etc.)",₹16 - ₹20 / kWh,Public (24/7)
BRPL - Dwarka Sector 10 Metro Hub,"DMRC Parking, Sector 10 Metro Station, Dwarka",Dwarka Sector 10,South West Delhi,110075,BRPL / ChargeZone,"CCS-2 (50 kW Fast DC), AC Type 2",50 kW (Fast DC),"All CCS-2 & Type 2 compatible 4Ws & 2Ws (Tata, Mahindra, MG, Hyundai, Kia, BYD, Ather, etc.)",₹16 - ₹20 / kWh,Public (24/7)
Tata Power - Pacific Mall Tagore Garden,"Basement Parking, Pacific Mall, Najafgarh Road, Tagore Garden",Tagore Garden,West Delhi,110027,Tata Power EZ Charge,"CCS-2 (50 kW Fast DC), AC Type 2",50 kW (Fast DC),"All CCS-2 & Type 2 compatible 4Ws & 2Ws (Tata, Mahindra, MG, Hyundai, Kia, BYD, Ather, etc.)",₹16 - ₹20 / kWh,Public (10:00 AM - 11:00 PM)
Tata Power - Citi Fuels Virender Nagar,"IOCL Station, Opp. Virender Nagar, Near Bharati College, Janakpuri",Janakpuri / Virender Nagar,West Delhi,110058,Tata Power / IOCL,CCS-2 Fast DC (30 kW),30 kW (Fast DC),"All CCS-2 compatible 4Ws (Tata, Mahindra, MG, Hyundai, Kia, BYD, etc.)",₹14 - ₹18 / kWh,Public (24/7)
Kazam - Mansarover Garden Charging Point,"B-61, Satguru Ram Singh Road, Mansarover Garden",Mansarover Garden,West Delhi,110015,Kazam,AC 3.3 kW Plug Point / Type 2,3.3 kW (AC Smart Socket),"All Type 2 AC compatible 4Ws & 2Ws (Tata, MG, Mahindra, Ather, Vida, etc.)",₹10 - ₹13 / kWh,Public (24/7)
DDA / BRPL - Dwarka Sector 14 Park & Ride,"Opposite Vegas Mall, Sector 14, Dwarka",Dwarka Sector 14,South West Delhi,110078,BRPL / Statiq,CCS-2 Fast DC (60 kW),60 kW (Fast DC),"All CCS-2 compatible 4Ws (Tata, Mahindra, MG, Hyundai, Kia, BYD, etc.)",₹16 - ₹20 / kWh,Public (24/7)
Jio-bp Pulse - GTB Nagar Metro Station,"65 Ring Road, Tagore Park Extension, GTB Nagar Metro Parking",GTB Nagar / Kingsway Camp,North Delhi,110009,Jio-bp Pulse,CCS-2 Dual Fast DC (60 kW),60 kW (Fast DC),"All CCS-2 compatible 4Ws (Tata, Mahindra, MG, Hyundai, Kia, BYD, etc.)",₹16 - ₹20 / kWh,Public (24/7)
Tata Power DDL - Rohini Sector 3 Grid,"66KV Grid Sub Station, Sector 3 Rohini, Near NDPL Shakti Deep Building",Rohini Sector 3,North West Delhi,110085,Tata Power DDL,"CCS-2 (50 kW), IEC 60309, AC Type 2",50 kW (Fast DC),"All CCS-2 & Type 2 compatible 4Ws & 2Ws (Tata, Mahindra, MG, Hyundai, Kia, BYD, Ather, etc.)",₹16 - ₹20 / kWh,Public (24/7)
Tata Power - Gay Filling Station Azadpur,"GT Karnal Road, Azadpur Industrial Area, Opposite Hans Cinema",Azadpur,North Delhi,110033,Tata Power / IOCL,"Bharat DC-001 (15 kW), CCS-2",15 kW (Bharat DC-001 Fast),"All CCS-2 compatible 4Ws (Tata, Mahindra, MG, Hyundai, Kia, BYD, etc.)",₹14 - ₹18 / kWh,Public (24/7)
Tata Power DDL - Badli Industrial Area Station,"Plot No. 95, Khasra No. 42/2/23, Ground Floor, Village Badli, Near Astha Hospital",Badli,North West Delhi,110042,Tata Power DDL,"DC-001 (15 kW), AC Type 2",15 kW (Bharat DC-001 Fast),"Compatible DC-001 EVs & Commercial Fleets (Tata Tigor EV legacy, Mahindra e-Verito, BluSmart/Fleet 4Ws)",₹14 - ₹18 / kWh,Public (24/7)
Tata Power DDL - Samaipur Badli Station,"Khasra No. 33/9 & 33/12, Ground Floor, Village Samaipur, Bawana Road, Near Delhi College of Engineering",Samaipur,North West Delhi,110042,Tata Power DDL,"DC-001 (15 kW), AC Slow",15 kW (Bharat DC-001 Fast),"Compatible DC-001 EVs & Commercial Fleets (Tata Tigor EV legacy, Mahindra e-Verito, BluSmart/Fleet 4Ws)",₹14 - ₹18 / kWh,Public (24/7)
Tata Power DDL - Shahbad Daulatpur Station,"House No. 41, Street No. 3, Shiv Vihar, Shahbad Daulatpur, Near A-Block Bus Stand",Shahbad Dairy,North West Delhi,110042,Tata Power DDL,DC-001 (15 kW),15 kW (Bharat DC-001 Fast),"Compatible DC-001 EVs & Commercial Fleets (Tata Tigor EV legacy, Mahindra e-Verito, BluSmart/Fleet 4Ws)",₹14 - ₹18 / kWh,Public (24/7)
Tata Power - Risal Petro Station Burari,"Opposite State Transport Authority, Laldora, Sant Nagar, Burari Road, Jharoda Majra",Burari,North Delhi,110084,Tata Power / IOCL,CCS-2 Fast DC (30 kW),30 kW (Fast DC),"All CCS-2 compatible 4Ws (Tata, Mahindra, MG, Hyundai, Kia, BYD, etc.)",₹14 - ₹18 / kWh,Public (24/7)
Tata Power DDL - Pitampura TV Tower PCS,"Near Pitampura TV Tower & Dilli Haat Pitampura, Netaji Subhash Place",Pitampura / NSP,North West Delhi,110034,Tata Power DDL,"CCS-2 (50 kW Fast DC), AC Type 2",50 kW (Fast DC),"All CCS-2 & Type 2 compatible 4Ws & 2Ws (Tata, Mahindra, MG, Hyundai, Kia, BYD, Ather, etc.)",₹16 - ₹20 / kWh,Public (24/7)
Tata Power DDL - Rohini Sector 24 Station,"Akash Ganga Apartment Complex, Sector 24, Rohini",Rohini Sector 24,North West Delhi,110085,Tata Power DDL / Statiq,AC Type 2 (11 kW / 22 kW),22 kW (AC Fast),"All Type 2 AC compatible 4Ws & 2Ws (Tata, MG, Mahindra, Ather, Vida, etc.)",₹10 - ₹13 / kWh,Public (24/7)
Terra Charge / BYPL - IP Extension Hub,"Near Swati Apartments & Indian Oil Petrol Pump, Narwana Road, IP Extension, Patparganj",IP Extension / Patparganj,East Delhi,110092,Terra Charge / BYPL,"CCS-2 Fast DC (50 kW), AC Type 2 (22 kW)",50 kW DC / 22 kW AC (Fast),"All CCS-2 & Type 2 compatible 4Ws & 2Ws (Tata, Mahindra, MG, Hyundai, Kia, BYD, Ather, etc.)",₹16 - ₹20 / kWh,Public (24/7)
PlugNgo - Patparganj Industrial Area Hub,"Plot 175, Patparganj Industrial Area",Patparganj,East Delhi,110092,PlugNgo / UTCL,"CCS-2 (50 kW), CHAdeMO, AC Type 2",50 kW (Fast DC),"All CCS-2 & Type 2 compatible 4Ws & 2Ws (Tata, Mahindra, MG, Hyundai, Kia, BYD, Ather, etc.)",₹16 - ₹20 / kWh,Public (24/7)
BYPL - Mayur Vihar Phase 1 Metro Station,"DMRC Parking Complex, Mayur Vihar Phase 1 Metro Station",Mayur Vihar Phase 1,East Delhi,110091,BYPL / Statiq,CCS-2 Fast DC (60 kW),60 kW (Fast DC),"All CCS-2 compatible 4Ws (Tata, Mahindra, MG, Hyundai, Kia, BYD, etc.)",₹16 - ₹20 / kWh,Public (24/7)
BYPL / Revos - Vikas Marg Laxmi Nagar,"G-57, Main Vikas Marg, Near Metro Pillar, Laxmi Nagar",Laxmi Nagar,East Delhi,110092,BYPL / Revos,AC Type 2 / Bharat AC-001 (10 kW),7.4 kW - 22 kW (AC Fast),"All Type 2 AC compatible 4Ws & 2Ws (Tata, MG, Mahindra, Ather, Vida, etc.)",₹10 - ₹13 / kWh,Public (24/7)
BYPL / Revos - Shahdara GT Road Hub,"557 A, Grand Trunk (GT) Road, Opposite UCO Bank, Shahdara",Shahdara,Shahdara / East Delhi,110032,BYPL / Revos,"Bharat AC-001, AC Type 2",7.4 kW - 22 kW (AC Fast),"All Type 2 AC compatible 4Ws & 2Ws (Tata, MG, Mahindra, Ather, Vida, etc.)",₹10 - ₹13 / kWh,Public (24/7)
BYPL / Revos - Vishwas Nagar 60 Feeta Road,"10/114, Subhash Gali, 60 Feet Road, Vishwas Nagar, Shahdara",Vishwas Nagar,Shahdara / East Delhi,110032,BYPL / Revos,AC Type 2 / AC 3.3 kW,3.3 kW (AC Smart Socket),"All Type 2 AC compatible 4Ws & 2Ws (Tata, MG, Mahindra, Ather, Vida, etc.)",₹10 - ₹13 / kWh,Public (24/7)
BYPL / Revos - Babarpur Sudamapuri Point,"WS-94, Gali No. 3, Budh Bazaar Road, Sudamapuri, Babarpur, Shahdara",Babarpur,North East Delhi,110032,BYPL / Revos,AC Slow / 3.3 kW Smart Plug,3.3 kW (AC Smart Socket),"All EVs (Universal 2Ws, 3Ws & 4Ws with portable/onboard charger)",₹10 - ₹13 / kWh,Public (24/7)
BYPL / Revos - Meet Nagar Mangal Bazar Point,"A-86, Meet Nagar, Main Mangal Bazar Road",Meet Nagar,North East Delhi,110094,BYPL / Revos,AC Smart Plug / Type 2,7.4 kW - 22 kW (AC Fast),"All Type 2 AC compatible 4Ws & 2Ws (Tata, MG, Mahindra, Ather, Vida, etc.)",₹10 - ₹13 / kWh,Public (24/7)
Tata Power / IOCL - IP Estate Ring Road,"IOCL COCO Retail Outlet, Plot No. 1, IP Estate, Ring Road",Indraprastha Estate,Central / East Delhi Border,110002,Tata Power / IOCL,"CCS-2 Fast DC (50 kW), Bharat DC-001",50 kW (Fast DC),"All CCS-2 compatible 4Ws (Tata, Mahindra, MG, Hyundai, Kia, BYD, etc.)",₹16 - ₹20 / kWh,Public (24/7)
Tata Power - Pusa Road / Dr. KS Krishnan Marg,"IOCL Station, Dr. K.S. Krishnan Road, Near NPL Pusa Institute",Pusa Institute / Rajendra Nagar,Central West Delhi,110012,Tata Power / IOCL,CCS-2 Fast DC (30 kW),30 kW (Fast DC),"All CCS-2 compatible 4Ws (Tata, Mahindra, MG, Hyundai, Kia, BYD, etc.)",₹14 - ₹18 / kWh,Public (24/7)
Ola Hypercharger - Lajpat Nagar II,"Central Market, Block J, Near Metro Station, Lajpat Nagar II",Lajpat Nagar,South Delhi,110024,Ola Electric,Ola Proprietary Fast DC (Hypercharger),Up to 25 kW (Hypercharger Fast DC),Ola Electric,₹13 - ₹16 / kWh,Public (24/7)
Ola Experience Centre & Hypercharger - Saket,"Plot No. 4, Community Centre, Saket",Saket,South Delhi,110017,Ola Electric,Ola Proprietary Fast DC & AC,Up to 25 kW (Hypercharger Fast DC),Ola Electric,₹13 - ₹16 / kWh,Public (09:00 AM - 09:00 PM)
Ola Hypercharger - Hauz Khas / Aurobindo Marg,"Sri Aurobindo Marg, Near Hauz Khas Metro Station Gate 2",Hauz Khas,South Delhi,110016,Ola Electric,Ola Proprietary Fast DC (Hypercharger),Up to 25 kW (Hypercharger Fast DC),Ola Electric,₹13 - ₹16 / kWh,Public (24/7)
Ola Experience Centre & Hypercharger - Connaught Place,"Scindia House, Outer Circle, Connaught Place",Connaught Place,Central Delhi,110001,Ola Electric,Ola Proprietary Fast DC (Hypercharger),Up to 25 kW (Hypercharger Fast DC),Ola Electric,₹13 - ₹16 / kWh,Public (09:00 AM - 09:00 PM)
Ola Hypercharger - Janakpuri B-Block,"District Centre Complex, Near Janakpuri West Metro Station, Janakpuri",Janakpuri,West Delhi,110058,Ola Electric,Ola Proprietary Fast DC (Hypercharger),Up to 25 kW (Hypercharger Fast DC),Ola Electric,₹13 - ₹16 / kWh,Public (24/7)
Ola Experience Centre & Hypercharger - Rajouri Garden,"Main Ring Road, Near Rajouri Garden Metro Station, Rajouri Garden",Rajouri Garden,West Delhi,110027,Ola Electric,Ola Proprietary Fast DC (Hypercharger),Up to 25 kW (Hypercharger Fast DC),Ola Electric,₹13 - ₹16 / kWh,Public (24/7)
Ola Hypercharger - Dwarka Sector 12,"City Centre Mall Parking, Sector 12, Dwarka",Dwarka Sector 12,South West Delhi,110078,Ola Electric,Ola Proprietary Fast DC (Hypercharger),Up to 25 kW (Hypercharger Fast DC),Ola Electric,₹13 - ₹16 / kWh,Public (24/7)
Ola Hypercharger - Dwarka Sector 6,"Central Market, Sector 6, Dwarka",Dwarka Sector 6,South West Delhi,110075,Ola Electric,Ola Proprietary Fast DC (Hypercharger),Up to 25 kW (Hypercharger Fast DC),Ola Electric,₹13 - ₹16 / kWh,Public (24/7)
Ola Experience Centre & Hypercharger - Rohini Sector 8,"Block D, Sector 8, Rohini, Near Rohini East Metro Station",Rohini Sector 8,North West Delhi,110085,Ola Electric,Ola Proprietary Fast DC (Hypercharger),Up to 25 kW (Hypercharger Fast DC),Ola Electric,₹13 - ₹16 / kWh,Public (24/7)
Ola Hypercharger - Netaji Subhash Place (NSP),"Near Pearls Omaxe / NSP Metro Station, Pitampura",Pitampura / NSP,North West Delhi,110034,Ola Electric,Ola Proprietary Fast DC (Hypercharger),Up to 25 kW (Hypercharger Fast DC),Ola Electric,₹13 - ₹16 / kWh,Public (24/7)
Ola Hypercharger - Model Town,"Main Ring Road, Near Model Town Metro Station, Model Town II",Model Town,North Delhi,110009,Ola Electric,Ola Proprietary Fast DC (Hypercharger),Up to 25 kW (Hypercharger Fast DC),Ola Electric,₹13 - ₹16 / kWh,Public (24/7)
Ola Hypercharger - Laxmi Nagar Commercial Complex,"Near Nirman Vihar Metro Station, Vikas Marg, Laxmi Nagar",Laxmi Nagar,East Delhi,110092,Ola Electric,Ola Proprietary Fast DC (Hypercharger),Up to 25 kW (Hypercharger Fast DC),Ola Electric,₹13 - ₹16 / kWh,Public (24/7)
Ola Experience Centre & Hypercharger - Mayur Vihar,"Near Star City Mall, Mayur Vihar Phase 1",Mayur Vihar Phase 1,East Delhi,110091,Ola Electric,Ola Proprietary Fast DC (Hypercharger),Up to 25 kW (Hypercharger Fast DC),Ola Electric,₹13 - ₹16 / kWh,Public (24/7)
Ola Hypercharger - Shahdara GT Road,"Near Shyam Lal College, GT Road, Shahdara",Shahdara,Shahdara / East Delhi,110032,Ola Electric,Ola Proprietary Fast DC (Hypercharger),Up to 25 kW (Hypercharger Fast DC),Ola Electric,₹13 - ₹16 / kWh,Public (24/7)
Ola Hypercharger - Okhla Phase 2,"Near Crown Plaza / Sanjay Colony, Okhla Industrial Area Phase II",Okhla Phase 2,South East Delhi,110020,Ola Electric,Ola Proprietary Fast DC (Hypercharger),Up to 25 kW (Hypercharger Fast DC),Ola Electric,₹13 - ₹16 / kWh,Public (24/7)
Ather Grid - Cyberwalk GK 2,"M-Block Market, Greater Kailash II",Greater Kailash II,South Delhi,110048,Ather Grid,Ather Fast DC / Type 2 AC (LECCS),Up to 3.3 kW - 15 kW (Fast DC / LECCS),"Ather Energy (450X, 450S, Rizta) & LECCS compatible 2Ws",₹15 - ₹19 / kWh,Public (24/7)
Ather Grid - Blue Tokai Coffee Vasant Vihar,"Basant Lok Community Centre, Vasant Vihar",Vasant Vihar,South West Delhi,110057,Ather Grid,Ather Fast DC (LECCS),Up to 3.3 kW - 15 kW (Fast DC / LECCS),Ather Energy & LECCS compatible 2Ws,₹15 - ₹19 / kWh,Public (08:00 AM - 11:00 PM)
Ather Grid - Punjabi Bagh Club Road,"Central Market, Club Road, Punjabi Bagh West",Punjabi Bagh,West Delhi,110026,Ather Grid,Ather Fast DC (LECCS),Up to 3.3 kW - 15 kW (Fast DC / LECCS),Ather Energy & LECCS compatible 2Ws,₹15 - ₹19 / kWh,Public (24/7)
Ather Grid - Green Park Main Market,"S-Block Market, Near Evergreen Sweet House, Green Park",Green Park,South Delhi,110016,Ather Grid,Ather Fast DC (LECCS),Up to 3.3 kW - 15 kW (Fast DC / LECCS),Ather Energy & LECCS compatible 2Ws,₹15 - ₹19 / kWh,Public (24/7)
Ather Space - Gujranwala Town Experience Centre,"B-2, Gujranwala Town Part 1, Near Model Town",Gujranwala Town,North Delhi,110009,Ather Grid,Ather Fast DC (LECCS),Up to 3.3 kW - 15 kW (Fast DC / LECCS),Ather Energy & LECCS compatible 2Ws,₹15 - ₹19 / kWh,Public (09:00 AM - 09:00 PM)
Ola Hypercharger - Vasant Kunj Sector C,"Near Vasant Square Mall, Sector C, Pocket 9, Vasant Kunj",Vasant Kunj,South West Delhi,110070,Ola Electric,Ola Proprietary Fast DC (Hypercharger),Up to 25 kW (Hypercharger Fast DC),Ola Electric,₹13 - ₹16 / kWh,Public (24/7)
Ola Hypercharger - Kalkaji DDA Market,"Near Kalkaji Post Office, B-Block Market, Kalkaji",Kalkaji,South Delhi,110019,Ola Electric,Ola Proprietary Fast DC (Hypercharger),Up to 25 kW (Hypercharger Fast DC),Ola Electric,₹13 - ₹16 / kWh,Public (24/7)
Ola Hypercharger - Karol Bagh Arya Samaj Road,"Near Karol Bagh Metro Station, Arya Samaj Road, Karol Bagh",Karol Bagh,Central Delhi,110005,Ola Electric,Ola Proprietary Fast DC (Hypercharger),Up to 25 kW (Hypercharger Fast DC),Ola Electric,₹13 - ₹16 / kWh,Public (24/7)
Ola Experience Centre - Dilshad Garden,"Main Road, Near Dilshad Garden Metro Station, Dilshad Garden",Dilshad Garden,Shahdara / North East Delhi,110095,Ola Electric,Ola Proprietary Fast DC (Hypercharger),Up to 25 kW (Hypercharger Fast DC),Ola Electric,₹13 - ₹16 / kWh,Public (24/7)
Ola Hypercharger - Alipur GT Karnal Road,"Near Alipur Village Toll Plaza, Main GT Karnal Road, Alipur",Alipur,North Delhi,110036,Ola Electric,Ola Proprietary Fast DC (Hypercharger),Up to 25 kW (Hypercharger Fast DC),Ola Electric,₹13 - ₹16 / kWh,Public (24/7)
Tata Power - Aerocity Worldmark 1,"Multi-Level Basement Parking, Worldmark 1, Asset Area 11, Hospitality District, Aerocity",Aerocity,South West Delhi,110037,Tata Power EZ Charge,CCS-2 (60 kW Fast DC) & Type 2 AC (22 kW),60 kW DC / 22 kW AC (Fast),"All CCS-2 & Type 2 compatible 4Ws (Tata, Mahindra, MG, Hyundai, BYD, BMW, Mercedes, etc.)",₹16 - ₹20 / kWh,Public (24/7)
Tata Power - DLF Promenade Mall Vasant Kunj,"Basement Parking, DLF Promenade, Nelson Mandela Marg, Vasant Kunj",Vasant Kunj,South West Delhi,110070,Tata Power EZ Charge,CCS-2 Dual Gun Fast DC (60 kW),60 kW (Fast DC),"All CCS-2 compatible 4Ws (Tata, Mahindra, MG, Hyundai, Kia, BYD, etc.)",₹16 - ₹20 / kWh,Public (10:00 AM - 11:30 PM)
Tata Power - Taj Palace SP Marg,"Taj Palace, Sardar Patel Marg, Diplomatic Enclave",Chanakyapuri,New Delhi,110021,Tata Power EZ Charge,CCS-2 (50 kW Fast DC) & AC Type 2,50 kW (Fast DC),All CCS-2 & Type 2 compatible 4Ws & 2Ws,₹16 - ₹20 / kWh,Public (24/7)
Tata Power - Vegas Mall Dwarka,"Basement 2, Vegas Mall, Sector 14, Dwarka",Dwarka Sector 14,South West Delhi,110078,Tata Power EZ Charge,CCS-2 Dual Gun (60 kW) & Type 2 AC,60 kW DC / 22 kW AC (Fast),"All CCS-2 & Type 2 compatible 4Ws (Tata, MG, Hyundai, BYD, Mahindra, etc.)",₹16 - ₹20 / kWh,Public (10:00 AM - 11:00 PM)
Tata Power - Unity One Mall Rohini,"Unity One Mall, Near Rohini West Metro Station, Sector 10, Rohini",Rohini Sector 10,North West Delhi,110085,Tata Power EZ Charge,CCS-2 Fast DC (50 kW),50 kW (Fast DC),"All CCS-2 compatible 4Ws (Tata, Mahindra, MG, Hyundai, Kia, BYD, etc.)",₹16 - ₹20 / kWh,Public (24/7)
Tata Power - Eros City Square Nehru Place,"Eros Hotel & Nehru Place Commercial Complex Parking, Nehru Place",Nehru Place,South East Delhi,110019,Tata Power EZ Charge,CCS-2 (50 kW) & Type 2 (22 kW),50 kW DC / 22 kW AC (Fast),All CCS-2 & Type 2 compatible 4Ws & 2Ws,₹16 - ₹20 / kWh,Public (24/7)
Tata Power - V3S Mall Laxmi Nagar,"V3S East Centre Mall, Nirman Vihar Metro Station, Vikas Marg, Laxmi Nagar",Laxmi Nagar,East Delhi,110092,Tata Power EZ Charge,CCS-2 Fast DC (50 kW),50 kW (Fast DC),"All CCS-2 compatible 4Ws (Tata, Mahindra, MG, Hyundai, Kia, BYD, etc.)",₹16 - ₹20 / kWh,Public (10:00 AM - 11:00 PM)
Statiq - Ambience Mall Vasant Kunj,"Basement Parking B2, Ambience Mall, Nelson Mandela Marg, Vasant Kunj",Vasant Kunj,South West Delhi,110070,Statiq,CCS-2 Dual Fast DC (120 kW Superfast),120 kW (Ultra-Fast DC),"All CCS-2 compatible 4Ws (Tata, MG, Mahindra, BYD, Hyundai, Audi, Porsche, etc.)",₹19 - ₹22 / kWh,Public (24/7)
Statiq - Moments Mall Kirti Nagar,"Basement Parking, Moments Mall, Patel Road, Kirti Nagar",Kirti Nagar,West Delhi,110015,Statiq,CCS-2 Dual Fast DC (60 kW),60 kW (Fast DC),All CCS-2 compatible 4Ws,₹16 - ₹20 / kWh,Public (10:00 AM - 11:00 PM)
Jio-bp Pulse - Dhaula Kuan Metro Hub,"Dhaula Kuan Airport Express Metro Station Parking, Ring Road, Dhaula Kuan",Dhaula Kuan,South West Delhi,110010,Jio-bp Pulse,CCS-2 Dual Fast DC (60 kW / 120 kW),120 kW (Ultra-Fast DC),"All CCS-2 compatible 4Ws (Tata, Mahindra, MG, BYD, Hyundai, etc.)",₹19 - ₹22 / kWh,Public (24/7)
Jio-bp Pulse - Kashmere Gate ISBT Hub,"Maharana Pratap Inter State Bus Terminus (ISBT), Ring Road, Kashmere Gate",Kashmere Gate,North Delhi,110006,Jio-bp Pulse / DMRC,CCS-2 Dual Fast DC (60 kW),60 kW (Fast DC),All CCS-2 compatible 4Ws,₹16 - ₹20 / kWh,Public (24/7)
Jio-bp Pulse - Anand Vihar ISBT Hub,"Swami Vivekanand ISBT Complex Parking, Anand Vihar",Anand Vihar,East Delhi,110092,Jio-bp Pulse,CCS-2 Dual Fast DC (60 kW),60 kW (Fast DC),All CCS-2 compatible 4Ws,₹16 - ₹20 / kWh,Public (24/7)
ChargeZone - The Lalit New Delhi,"Barakhamba Avenue, Connaught Place",Connaught Place,Central Delhi,110001,ChargeZone,CCS-2 Dual Fast DC (60 kW),60 kW (Fast DC),All CCS-2 compatible 4Ws,₹16 - ₹20 / kWh,Public (24/7)
ChargeZone - Eros Hotel Nehru Place,"S2, American Plaza, Nehru Place",Nehru Place,South East Delhi,110019,ChargeZone,CCS-2 Fast DC (60 kW),60 kW (Fast DC),All CCS-2 compatible 4Ws,₹16 - ₹20 / kWh,Public (24/7)
Zeon Charging - Crowne Plaza Okhla,"Plot No. 1, Community Centre, Okhla Phase I",Okhla Phase 1,South East Delhi,110020,Zeon Charging,CCS-2 Dual Gun (50 kW / 60 kW),60 kW (Fast DC),All CCS-2 compatible 4Ws,₹16 - ₹20 / kWh,Public (24/7)
Zeon Charging - Holiday Inn Mayur Vihar,"13A Mayur Vihar District Centre, Mayur Vihar Phase 1 Extension",Mayur Vihar,East Delhi,110091,Zeon Charging,CCS-2 Fast DC (60 kW),60 kW (Fast DC),All CCS-2 compatible 4Ws,₹16 - ₹20 / kWh,Public (24/7)
BluSmart EV Charging Superhub - Aerocity,"Opposite Terminal 2 / Aerocity Entry Road, IGI Airport Area",IGI Airport / Aerocity,South West Delhi,110037,BluSmart Charge,CCS-2 (30 kW / 60 kW Fast DC) & Bharat DC-001,60 kW (Fast DC),"All CCS-2 & DC-001 EVs (Tata, MG, Mahindra, commercial fleets)",₹14 - ₹17 / kWh,Public (24/7)
BluSmart EV Charging Superhub - Vasant Kunj,"Near Pocket 2, Sector B, Vasant Kunj",Vasant Kunj,South West Delhi,110070,BluSmart Charge,CCS-2 & Bharat DC-001 Fast DC,15 kW (Bharat DC-001 Fast),"All CCS-2 & DC-001 EVs (Tata, MG, Mahindra, commercial fleets)",₹14 - ₹17 / kWh,Public (24/7)
MCD / Statiq - South Extension Part 2 Market,"Multi-Level Car Parking, South Extension Part II Market",South Extension II,South Delhi,110049,MCD / Statiq,"CCS-2 Dual Fast DC (60 kW), AC Type 2",60 kW DC / 22 kW AC (Fast),All CCS-2 & Type 2 compatible 4Ws & 2Ws,₹16 - ₹20 / kWh,Public (24/7)
MCD / Statiq - Hauz Khas Village Parking,"DDA / MCD Automated Parking Complex, Entry Hauz Khas Village",Hauz Khas Village,South Delhi,110016,MCD / Statiq,CCS-2 Fast DC (60 kW),60 kW (Fast DC),All CCS-2 compatible 4Ws,₹16 - ₹20 / kWh,Public (24/7)
Tata Power DDL - Wazirpur Industrial Area,"Tata Power DDL Substation, Block B, Wazirpur Industrial Area",Wazirpur,North West Delhi,110052,Tata Power DDL,"CCS-2 Fast DC (50 kW), Bharat DC-001",50 kW (Fast DC),All CCS-2 compatible 4Ws & DC-001 EVs,₹16 - ₹20 / kWh,Public (24/7)
Tata Power DDL - Narela Substation PCS,"Near DSIDC Industrial Complex, Main Bawana-Narela Road, Narela",Narela,North Delhi,110040,Tata Power DDL,"CCS-2 (50 kW), AC Type 2",50 kW (Fast DC),All CCS-2 & Type 2 compatible 4Ws & 2Ws,₹16 - ₹20 / kWh,Public (24/7)
BRPL - Alaknanda Shopping Complex Hub,"Tara Apartments Market & Mandakini Enclave, Alaknanda",Alaknanda,South Delhi,110019,BRPL / Kazam,AC Type 2 (11 kW) & 3.3 kW Smart Sockets,3.3 kW (AC Smart Socket),"All EVs (Universal 2Ws, 3Ws & 4Ws)",₹10 - ₹13 / kWh,Public (24/7)
BYPL / Statiq - Preet Vihar Community Centre,"G-Block Commercial Complex, Preet Vihar",Preet Vihar,East Delhi,110092,BYPL / Statiq,CCS-2 Fast DC (60 kW),60 kW (Fast DC),All CCS-2 compatible 4Ws,₹16 - ₹20 / kWh,Public (24/7)
Tata Power - Pacific Mall NSP Pitampura,"Pacific Mall NSP, Netaji Subhash Place, Pitampura",Pitampura / NSP,North West Delhi,110034,Tata Power EZ Charge,CCS-2 (60 kW Dual Gun Fast DC),60 kW (Fast DC),"All CCS-2 compatible 4Ws (Tata, Mahindra, MG, Hyundai, Kia, BYD, etc.)",₹16 - ₹20 / kWh,Public (10:00 AM - 11:00 PM)
Ather Space - Lajpat Nagar Experience Centre,"A-23, Ring Road, Lajpat Nagar IV",Lajpat Nagar IV,South Delhi,110024,Ather Grid,Ather Fast DC (LECCS),Up to 3.3 kW - 15 kW (Fast DC / LECCS),"Ather Energy (450X, 450S, Rizta) & LECCS compatible 2Ws",₹15 - ₹19 / kWh,Public (09:30 AM - 08:30 PM)
Ather Grid - Khan Chacha Connaught Place,"D-Block, Middle Circle, Connaught Place",Connaught Place,Central Delhi,110001,Ather Grid,Ather Fast DC (LECCS),Up to 3.3 kW - 15 kW (Fast DC / LECCS),Ather Energy & LECCS compatible 2Ws,₹15 - ₹19 / kWh,Public (11:00 AM - 11:00 PM)
Ather Grid - Blue Tokai Saket,"Khasra 258, Lane 3, Westend Marg, Saidulajab, Saket",Saket / Saidulajab,South Delhi,110030,Ather Grid,Ather Fast DC (LECCS),Up to 3.3 kW - 15 kW (Fast DC / LECCS),Ather Energy & LECCS compatible 2Ws,₹15 - ₹19 / kWh,Public (08:00 AM - 10:00 PM)
Ather Grid - Malviya Nagar Shivalik,"Main Shivalik Road, Near Malviya Nagar Metro Gate 3",Malviya Nagar,South Delhi,110017,Ather Grid,Ather Fast DC (LECCS),Up to 3.3 kW - 15 kW (Fast DC / LECCS),Ather Energy & LECCS compatible 2Ws,₹15 - ₹19 / kWh,Public (24/7)
Ather Grid - CR Park Market 1,"Near Market No. 1, Chittaranjan Park",CR Park,South Delhi,110019,Ather Grid,Ather Fast DC (LECCS),Up to 3.3 kW - 15 kW (Fast DC / LECCS),Ather Energy & LECCS compatible 2Ws,₹15 - ₹19 / kWh,Public (24/7)
Ather Space - Janakpuri Experience Centre,"B-1/628, Najafgarh Road, Janakpuri",Janakpuri,West Delhi,110058,Ather Grid,Ather Fast DC (LECCS),Up to 3.3 kW - 15 kW (Fast DC / LECCS),Ather Energy & LECCS compatible 2Ws,₹15 - ₹19 / kWh,Public (09:30 AM - 08:30 PM)
Ather Grid - Rajouri Garden Main Market,"Block F, Major Sudesh Kumar Marg, Rajouri Garden",Rajouri Garden,West Delhi,110027,Ather Grid,Ather Fast DC (LECCS),Up to 3.3 kW - 15 kW (Fast DC / LECCS),Ather Energy & LECCS compatible 2Ws,₹15 - ₹19 / kWh,Public (24/7)
Ather Grid - Dwarka Sector 10 Central Market,"Plot No. 7, Pocket 1, Sector 10 Market, Dwarka",Dwarka Sector 10,South West Delhi,110075,Ather Grid,Ather Fast DC (LECCS),Up to 3.3 kW - 15 kW (Fast DC / LECCS),Ather Energy & LECCS compatible 2Ws,₹15 - ₹19 / kWh,Public (24/7)
Ather Grid - Rohini Sector 9 DDA Market,"DC Chowk, Sector 9, Rohini",Rohini Sector 9,North West Delhi,110085,Ather Grid,Ather Fast DC (LECCS),Up to 3.3 kW - 15 kW (Fast DC / LECCS),Ather Energy & LECCS compatible 2Ws,₹15 - ₹19 / kWh,Public (24/7)
Ather Grid - Pitampura Harsh Vihar,"Harsh Vihar, Near Kohat Enclave Metro Station, Pitampura",Pitampura,North West Delhi,110034,Ather Grid,Ather Fast DC (LECCS),Up to 3.3 kW - 15 kW (Fast DC / LECCS),Ather Energy & LECCS compatible 2Ws,₹15 - ₹19 / kWh,Public (24/7)
Ather Grid - Kamla Nagar Bungalow Road,"Bungalow Road, Near Hansraj College, Kamla Nagar",Kamla Nagar,North Delhi,110007,Ather Grid,Ather Fast DC (LECCS),Up to 3.3 kW - 15 kW (Fast DC / LECCS),Ather Energy & LECCS compatible 2Ws,₹15 - ₹19 / kWh,Public (10:00 AM - 10:00 PM)
Ather Space - Preet Vihar Experience Centre,"Aditya Arcade, Vikas Marg, Preet Vihar",Preet Vihar,East Delhi,110092,Ather Grid,Ather Fast DC (LECCS),Up to 3.3 kW - 15 kW (Fast DC / LECCS),Ather Energy & LECCS compatible 2Ws,₹15 - ₹19 / kWh,Public (09:30 AM - 08:30 PM)
Ather Grid - Mayur Vihar Phase 2 Pocket B,"Pocket B Market, Near Kalyan Vas Chowk, Mayur Vihar Phase 2",Mayur Vihar Phase 2,East Delhi,110091,Ather Grid,Ather Fast DC (LECCS),Up to 3.3 kW - 15 kW (Fast DC / LECCS),Ather Energy & LECCS compatible 2Ws,₹15 - ₹19 / kWh,Public (24/7)
Ather Grid - Karkardooma Community Centre,"Near Cross River Mall & Metro Station, Karkardooma",Karkardooma,East Delhi,110092,Ather Grid,Ather Fast DC (LECCS),Up to 3.3 kW - 15 kW (Fast DC / LECCS),Ather Energy & LECCS compatible 2Ws,₹15 - ₹19 / kWh,Public (24/7)
Ather Grid - Paschim Vihar A-2 Block,"Near Jwala Heri Market, A-2 Block, Paschim Vihar",Paschim Vihar,West Delhi,110063,Ather Grid,Ather Fast DC (LECCS),Up to 3.3 kW - 15 kW (Fast DC / LECCS),Ather Energy & LECCS compatible 2Ws,₹15 - ₹19 / kWh,Public (24/7)
Bajaj Chetak Hub & Charging Point - Lajpat Nagar,"B-8, Ring Road, Lajpat Nagar III, Near Haldiram's",Lajpat Nagar III,South Delhi,110024,Bajaj Chetak Network,Standard AC Fast (IEC 60309 / Type 2),3.3 kW - 7.4 kW (AC Standard),"Bajaj Auto (Chetak 2901, Urbane, Premium) & Compatible EV 2Ws",₹10 - ₹14 / kWh (Free/Discounted for Chetak owners at dealers),Public (09:30 AM - 08:00 PM)
Bajaj Chetak Experience Centre - Connaught Place / Paharganj,"Near RK Ashram Marg Metro Station, Desh Bandhu Gupta Road, Paharganj",Paharganj / Central Delhi,Central Delhi,110055,Bajaj Chetak Network,Standard AC Fast (IEC 60309 / 3.3 kW),3.3 kW - 7.4 kW (AC Standard),Bajaj Auto (Chetak) & Compatible EV 2Ws,₹10 - ₹14 / kWh (Free/Discounted for Chetak owners at dealers),Public (09:30 AM - 08:00 PM)
Bajaj Chetak Hub - Okhla Phase 3,"B-231, Okhla Industrial Area Phase III, Near Modi Mill Flyover",Okhla Phase 3,South East Delhi,110020,Bajaj Chetak Network,Standard AC Fast (IEC 60309 / Type 2),3.3 kW - 7.4 kW (AC Standard),Bajaj Auto (Chetak) & Compatible EV 2Ws,₹10 - ₹14 / kWh (Free/Discounted for Chetak owners at dealers),Public (09:00 AM - 07:30 PM)
Bajaj Chetak Experience Centre - Janakpuri,"A-2/13, Africa Avenue Marg, Near Chander Nagar / Janakpuri West Metro Station",Janakpuri,West Delhi,110058,Bajaj Chetak Network,Standard AC Fast (IEC 60309 / Type 2),3.3 kW - 7.4 kW (AC Standard),Bajaj Auto (Chetak) & Compatible EV 2Ws,₹10 - ₹14 / kWh (Free/Discounted for Chetak owners at dealers),Public (09:30 AM - 08:00 PM)
Bajaj Chetak Station - Bagga Link Karol Bagh,"Bagga Link Motors, Jhandewalan Extension, Near Karol Bagh Metro Station",Karol Bagh / Jhandewalan,Central Delhi,110055,Bajaj Auto / Bagga Link,Standard AC Fast (IEC 60309 / 3.3 kW),3.3 kW - 7.4 kW (AC Standard),Bajaj Auto (Chetak) & Compatible EV 2Ws,₹10 - ₹14 / kWh (Free/Discounted for Chetak owners at dealers),Public (09:00 AM - 08:00 PM)
Bajaj Chetak Charging Station - Moti Nagar,"69/1A, Najafgarh Road, Near Moti Nagar Metro Station",Moti Nagar,West Delhi,110015,Bajaj Chetak Network,Standard AC Fast (IEC 60309 / Type 2),3.3 kW - 7.4 kW (AC Standard),Bajaj Auto (Chetak) & Compatible EV 2Ws,₹10 - ₹14 / kWh (Free/Discounted for Chetak owners at dealers),Public (09:30 AM - 08:00 PM)
Bajaj Chetak Hub - Dwarka Sector 7,"Plot No. 12, Palam Extension, Sector 7, Dwarka",Dwarka Sector 7,South West Delhi,110075,Bajaj Chetak Network,Standard AC Fast (IEC 60309 / Type 2),3.3 kW - 7.4 kW (AC Standard),Bajaj Auto (Chetak) & Compatible EV 2Ws,₹10 - ₹14 / kWh (Free/Discounted for Chetak owners at dealers),Public (09:30 AM - 08:00 PM)
Bajaj Chetak Hub - Rohini Sector 16,"Pocket 2, Near Rohini North Metro Corridor, Sector 16, Rohini",Rohini Sector 16,North West Delhi,110089,Bajaj Chetak Network,Standard AC Fast (IEC 60309 / Type 2),3.3 kW - 7.4 kW (AC Standard),Bajaj Auto (Chetak) & Compatible EV 2Ws,₹10 - ₹14 / kWh (Free/Discounted for Chetak owners at dealers),Public (09:30 AM - 08:00 PM)
Bajaj Chetak Charging Point - Azadpur GT Road,"Near Azadpur Flyover, GT Karnal Road, Azadpur",Azadpur,North Delhi,110033,Bajaj Auto / Dealer Hub,Standard AC Fast (IEC 60309 / 3.3 kW),3.3 kW - 7.4 kW (AC Standard),Bajaj Auto (Chetak) & Compatible EV 2Ws,₹10 - ₹14 / kWh (Free/Discounted for Chetak owners at dealers),Public (09:30 AM - 08:00 PM)
Bajaj Chetak Experience Centre - Patparganj,"Plot No. 80, Patparganj Industrial Area, Near Mother Dairy Plant",Patparganj,East Delhi,110092,Bajaj Chetak Network,Standard AC Fast (IEC 60309 / Type 2),3.3 kW - 7.4 kW (AC Standard),Bajaj Auto (Chetak) & Compatible EV 2Ws,₹10 - ₹14 / kWh (Free/Discounted for Chetak owners at dealers),Public (09:30 AM - 08:00 PM)
Bajaj Chetak Hub - Dilshad Garden / Shahdara,"Opposite GTB Hospital Gate No. 2, Tahirpur Road, Shahdara",Shahdara / Dilshad Garden,Shahdara / East Delhi,110095,Bajaj Chetak Network,Standard AC Fast (IEC 60309 / 3.3 kW),3.3 kW - 7.4 kW (AC Standard),Bajaj Auto (Chetak) & Compatible EV 2Ws,₹10 - ₹14 / kWh (Free/Discounted for Chetak owners at dealers),Public (09:30 AM - 08:00 PM)
Bajaj Chetak Charging Point - Malviya Nagar,"Commercial Complex, Shivalik Main Road, Malviya Nagar",Malviya Nagar,South Delhi,110017,Bajaj Chetak Network,Standard AC Fast (IEC 60309 / Type 2),3.3 kW - 7.4 kW (AC Standard),Bajaj Auto (Chetak) & Compatible EV 2Ws,₹10 - ₹14 / kWh (Free/Discounted for Chetak owners at dealers),Public (09:30 AM - 08:00 PM)
Bolt.Earth - Connaught Place Outer Circle Point,"P-Block, Outer Circle, Near Shivaji Stadium Metro, Connaught Place",Connaught Place,Central Delhi,110001,Bolt.Earth,AC Smart Socket (3.3 kW Bolt Lite / OS),3.3 kW (AC Smart Socket),"Universal (All 2Ws, 3Ws & 4Ws with portable/onboard charger)",₹9 - ₹12 / kWh (or ₹15 - ₹25 / hr base tariff),Public (24/7)
Bolt.Earth - Malviya Nagar Community Market,"Near Corner Market, Main Road, Malviya Nagar",Malviya Nagar,South Delhi,110017,Bolt.Earth,AC Smart Socket (3.3 kW Bolt Lite),3.3 kW (AC Smart Socket),"Universal (All 2Ws, 3Ws & 4Ws with portable/onboard charger)",₹9 - ₹12 / kWh (or ₹15 - ₹25 / hr base tariff),Public (24/7)
Bolt.Earth - Kalkaji DDA Flats Complex,"Pocket 12, Kalkaji Extension, Near Deshbandhu College",Kalkaji,South Delhi,110019,Bolt.Earth,AC Smart Socket (3.3 kW Bolt Lite),3.3 kW (AC Smart Socket),"Universal (All 2Ws, 3Ws & 4Ws with portable/onboard charger)",₹9 - ₹12 / kWh (or ₹15 - ₹25 / hr base tariff),Public (24/7)
Bolt.Earth - Hauz Khas Market Point,"Aurobindo Palace Market, Near Church Road, Hauz Khas",Hauz Khas,South Delhi,110016,Bolt.Earth,AC Smart Socket (3.3 kW Bolt Lite),3.3 kW (AC Smart Socket),"Universal (All 2Ws, 3Ws & 4Ws with portable/onboard charger)",₹9 - ₹12 / kWh (or ₹15 - ₹25 / hr base tariff),Public (24/7)
Bolt.Earth - Saket J-Block Commercial Point,"Plot No. 18, Commercial Complex, J-Block, Saket",Saket,South Delhi,110017,Bolt.Earth,AC Smart Socket (3.3 kW Bolt Lite),3.3 kW (AC Smart Socket),"Universal (All 2Ws, 3Ws & 4Ws with portable/onboard charger)",₹9 - ₹12 / kWh (or ₹15 - ₹25 / hr base tariff),Public (24/7)
Bolt.Earth - Dwarka Sector 19 Commercial Centre,"Pocket 3, DDA SFS Flats Market, Sector 19, Dwarka",Dwarka Sector 19,South West Delhi,110075,Bolt.Earth,AC Smart Socket (3.3 kW Bolt Lite),3.3 kW (AC Smart Socket),"Universal (All 2Ws, 3Ws & 4Ws with portable/onboard charger)",₹9 - ₹12 / kWh (or ₹15 - ₹25 / hr base tariff),Public (24/7)
Bolt.Earth - Dwarka Mor Metro Point,"Opposite Metro Pillar 786, Najafgarh Road, Dwarka Mor",Dwarka Mor,South West Delhi,110059,Bolt.Earth,AC Smart Socket (3.3 kW Bolt Lite),3.3 kW (AC Smart Socket),"Universal (All 2Ws, 3Ws & 4Ws with portable/onboard charger)",₹9 - ₹12 / kWh (or ₹15 - ₹25 / hr base tariff),Public (24/7)
Bolt.Earth - Janakpuri C-Block Market,"C-2B Market, Near Mata Chanan Devi Hospital, Janakpuri",Janakpuri,West Delhi,110058,Bolt.Earth,AC Smart Socket (3.3 kW Bolt Lite),3.3 kW (AC Smart Socket),"Universal (All 2Ws, 3Ws & 4Ws with portable/onboard charger)",₹9 - ₹12 / kWh (or ₹15 - ₹25 / hr base tariff),Public (24/7)
Bolt.Earth - Rajouri Garden Main Ring Road,"Near Marble Market & Rajouri Garden Metro Station, Rajouri Garden",Rajouri Garden,West Delhi,110027,Bolt.Earth,AC Smart Socket (3.3 kW Bolt Lite),3.3 kW (AC Smart Socket),"Universal (All 2Ws, 3Ws & 4Ws with portable/onboard charger)",₹9 - ₹12 / kWh (or ₹15 - ₹25 / hr base tariff),Public (24/7)
Bolt.Earth - Rohini Sector 7 Local Shopping Centre,"Naharpur Village Commercial Area, Sector 7, Rohini",Rohini Sector 7,North West Delhi,110085,Bolt.Earth,AC Smart Socket (3.3 kW Bolt Lite),3.3 kW (AC Smart Socket),"Universal (All 2Ws, 3Ws & 4Ws with portable/onboard charger)",₹9 - ₹12 / kWh (or ₹15 - ₹25 / hr base tariff),Public (24/7)
Bolt.Earth - Pitampura Rani Bagh Point,"Main Market Rani Bagh, Near Shakurpur, Pitampura",Pitampura / Rani Bagh,North West Delhi,110034,Bolt.Earth,AC Smart Socket (3.3 kW Bolt Lite),3.3 kW (AC Smart Socket),"Universal (All 2Ws, 3Ws & 4Ws with portable/onboard charger)",₹9 - ₹12 / kWh (or ₹15 - ₹25 / hr base tariff),Public (24/7)
Bolt.Earth - Mukherjee Nagar Commercial Hub,"Batra Cinema Complex, Commercial Hall, Mukherjee Nagar",Mukherjee Nagar,North Delhi,110009,Bolt.Earth,AC Smart Socket (3.3 kW Bolt Lite),3.3 kW (AC Smart Socket),"Universal (All 2Ws, 3Ws & 4Ws with portable/onboard charger)",₹9 - ₹12 / kWh (or ₹15 - ₹25 / hr base tariff),Public (24/7)
Bolt.Earth - Laxmi Nagar Metro Station Point,"Near Metro Pillar 38, Vikas Marg, Laxmi Nagar",Laxmi Nagar,East Delhi,110092,Bolt.Earth,AC Smart Socket (3.3 kW Bolt Lite),3.3 kW (AC Smart Socket),"Universal (All 2Ws, 3Ws & 4Ws with portable/onboard charger)",₹9 - ₹12 / kWh (or ₹15 - ₹25 / hr base tariff),Public (24/7)
Bolt.Earth - Mayur Vihar Phase 3 Pocket A2,"LIG DDA Market, Pocket A2, Mayur Vihar Phase 3",Mayur Vihar Phase 3,East Delhi,110096,Bolt.Earth,AC Smart Socket (3.3 kW Bolt Lite),3.3 kW (AC Smart Socket),"Universal (All 2Ws, 3Ws & 4Ws with portable/onboard charger)",₹9 - ₹12 / kWh (or ₹15 - ₹25 / hr base tariff),Public (24/7)
Bolt.Earth - Shahdara Circular Road Point,"Near Chhota Bazar, Circular Road, Shahdara",Shahdara,Shahdara / East Delhi,110032,Bolt.Earth,AC Smart Socket (3.3 kW Bolt Lite),3.3 kW (AC Smart Socket),"Universal (All 2Ws, 3Ws & 4Ws with portable/onboard charger)",₹9 - ₹12 / kWh (or ₹15 - ₹25 / hr base tariff),Public (24/7)
DMRC / Statiq - Vishwavidyalaya Metro Station Hub,"DMRC Parking Complex, Vishwavidyalaya Metro Station, Mall Road, University Enclave",Delhi University / North Campus,North Delhi,110007,Statiq / DMRC,CCS-2 Fast DC (60 kW) & AC Type 2,60 kW DC / 22 kW AC (Fast),All CCS-2 & Type 2 compatible 4Ws & 2Ws,₹16 - ₹20 / kWh,Public (24/7)
DMRC / Tata Power - Botanical Garden Interchange / Mayur Vihar Pocket 1,"Near Mayur Vihar Pocket 1 Metro Station Parking, Noida Link Road",Mayur Vihar Pocket 1,East Delhi,110091,Tata Power EZ Charge / DMRC,CCS-2 Fast DC (50 kW),50 kW (Fast DC),"All CCS-2 compatible 4Ws (Tata, Mahindra, MG, Hyundai, BYD, etc.)",₹16 - ₹20 / kWh,Public (24/7)
DMRC / ChargeZone - Akshardham Metro Station Hub,"Akshardham Metro Station Surface Parking, Noida Link Road",Akshardham,East Delhi,110092,ChargeZone / DMRC,CCS-2 Fast DC (60 kW Dual Gun),60 kW (Fast DC),All CCS-2 compatible 4Ws,₹16 - ₹20 / kWh,Public (24/7)
DMRC / Statiq - Botanical Link / Jasola Apollo Metro Station,"Jasola Apollo Metro Station Parking, Mathura Road, Jasola",Jasola / Sarita Vihar,South East Delhi,110025,Statiq / DMRC,CCS-2 Fast DC (60 kW),60 kW (Fast DC),All CCS-2 compatible 4Ws,₹16 - ₹20 / kWh,Public (24/7)
DMRC / Statiq - Punjabi Bagh West Metro Station Hub,"Punjabi Bagh West Interchange Metro Parking, Ring Road, Punjabi Bagh",Punjabi Bagh,West Delhi,110026,Statiq / DMRC,CCS-2 Fast DC (60 kW Dual Gun) & AC Type 2,60 kW DC / 22 kW AC (Fast),All CCS-2 & Type 2 compatible 4Ws & 2Ws,₹16 - ₹20 / kWh,Public (24/7)
DMRC / Tata Power - Netaji Subhash Place Metro Hub,"DMRC Parking, Red Line / Pink Line Interchange, Netaji Subhash Place",Pitampura / NSP,North West Delhi,110034,Tata Power EZ Charge / DMRC,CCS-2 Fast DC (60 kW),60 kW (Fast DC),All CCS-2 compatible 4Ws,₹16 - ₹20 / kWh,Public (24/7)
DMRC / Statiq - Botanical Link / Nehru Enclave Metro Station,"Nehru Enclave Metro Station Parking, Outer Ring Road, Kalkaji",Nehru Enclave / Kalkaji,South Delhi,110019,Statiq / DMRC,CCS-2 Fast DC (60 kW),60 kW (Fast DC),All CCS-2 compatible 4Ws,₹16 - ₹20 / kWh,Public (24/7)
DMRC / Statiq - Karkardooma Court Metro Station Hub,"Karkardooma Court Metro Station Parking Complex, Vikas Marg Extension",Karkardooma,East Delhi,110092,Statiq / DMRC,CCS-2 Fast DC (60 kW),60 kW (Fast DC),All CCS-2 compatible 4Ws,₹16 - ₹20 / kWh,Public (24/7)
DMRC / Jio-bp - Rithala Metro Station Hub,"Rithala Metro Terminal Parking, Sector 5, Rohini",Rohini Sector 5 / Rithala,North West Delhi,110085,Jio-bp Pulse / DMRC,CCS-2 Fast DC (60 kW Dual Gun),60 kW (Fast DC),All CCS-2 compatible 4Ws,₹16 - ₹20 / kWh,Public (24/7)
DMRC / Statiq - Samaypur Badli Metro Terminal Hub,"Samaypur Badli Metro Station Parking Area, Outer Ring Road / GT Road Link",Samaypur Badli,North West Delhi,110042,Statiq / DMRC,CCS-2 Fast DC (60 kW) & AC Slow,60 kW DC / 22 kW AC (Fast),All CCS-2 compatible 4Ws & 2Ws,₹16 - ₹20 / kWh,Public (24/7)
NDMC - Shivaji Stadium Multi-Level Car Parking,"MLCP Shivaji Stadium, Baba Kharak Singh Marg, Connaught Place",Connaught Place,Central Delhi,110001,NDMC / Tata Power,CCS-2 Fast DC (50 kW) & AC Type 2 (22 kW),50 kW DC / 22 kW AC (Fast),All CCS-2 & Type 2 compatible 4Ws & 2Ws,₹16 - ₹20 / kWh,Public (24/7)
NDMC - Palika Underground Parking Hub,"Palika Kendra Underground Car Parking, Outer Circle, Connaught Place",Connaught Place,Central Delhi,110001,NDMC / EESL,Bharat DC-001 (15 kW) & AC Type 2,15 kW (Bharat DC-001 Fast),Compatible DC-001 EVs & Type 2 4Ws/2Ws,₹14 - ₹18 / kWh,Public (08:00 AM - 10:00 PM)
MCD / Statiq - Green Park Multi-Level Automated Parking,"Near Green Park Metro Gate 2, Yusuf Sarai Community Centre",Green Park,South Delhi,110016,MCD / Statiq,CCS-2 Fast DC (60 kW),60 kW (Fast DC),All CCS-2 compatible 4Ws,₹16 - ₹20 / kWh,Public (24/7)
MCD / Statiq - Jangpura MLCP Hub,"Multi-Level Car Parking, Near Eros Cinema, Jangpura Extension",Jangpura,South Delhi,110014,MCD / Statiq,CCS-2 Fast DC (60 kW),60 kW (Fast DC),All CCS-2 compatible 4Ws,₹16 - ₹20 / kWh,Public (24/7)
MCD / Statiq - South Extension Part 1 Surface Parking,"F-Block Ring Road MCD Parking, South Extension Part 1",South Extension I,South Delhi,110049,MCD / Statiq,CCS-2 Dual Fast DC (60 kW),60 kW (Fast DC),All CCS-2 compatible 4Ws,₹16 - ₹20 / kWh,Public (24/7)
MCD / Statiq - Subhash Nagar MLCP,"Near Pacific Mall / Subhash Nagar Metro Station, Meenakshi Garden",Subhash Nagar,West Delhi,110027,MCD / Statiq,CCS-2 Fast DC (60 kW) & AC Type 2,60 kW DC / 22 kW AC (Fast),All CCS-2 & Type 2 compatible 4Ws & 2Ws,₹16 - ₹20 / kWh,Public (24/7)
MCD / Statiq - Kalkaji MLCP B-Block,"Multi-Level Car Parking, Kalkaji Main Market, Near Deshbandhu College Road",Kalkaji,South Delhi,110019,MCD / Statiq,CCS-2 Fast DC (60 kW),60 kW (Fast DC),All CCS-2 compatible 4Ws,₹16 - ₹20 / kWh,Public (24/7)
MCD / Statiq - Gandhi Nagar MLCP,"Pushta Road, Near Mahila Park, Gandhi Nagar",Gandhi Nagar,East Delhi,110031,MCD / Statiq,CCS-2 Fast DC (60 kW),60 kW (Fast DC),All CCS-2 compatible 4Ws,₹16 - ₹20 / kWh,Public (24/7)
Tata Power / IOCL - Shanti Path Chanakyapuri,"Indian Oil Auto Care Centre, Shanti Path, Diplomatic Enclave, Chanakyapuri",Chanakyapuri,New Delhi,110021,Tata Power / IOCL,CCS-2 Fast DC (50 kW),50 kW (Fast DC),All CCS-2 compatible 4Ws,₹16 - ₹20 / kWh,Public (24/7)
Tata Power / IOCL - Siri Fort Road Auto Care,"IOCL Petrol Pump, August Kranti Marg, Siri Fort Institutional Area",Siri Fort / Asian Games Village,South Delhi,110049,Tata Power / IOCL,CCS-2 Fast DC (50 kW),50 kW (Fast DC),All CCS-2 compatible 4Ws,₹16 - ₹20 / kWh,Public (24/7)
Tata Power / HPCL - Nelson Mandela Marg Vasant Kunj,"HPCL Retail Outlet, Nelson Mandela Road, Opposite Pocket 4, Vasant Kunj",Vasant Kunj,South West Delhi,110070,Tata Power / HPCL,CCS-2 Dual Fast DC (60 kW),60 kW (Fast DC),All CCS-2 compatible 4Ws,₹16 - ₹20 / kWh,Public (24/7)
Tata Power / BPCL - Ring Road Lajpat Nagar Petrol Pump,"BPCL Retail Outlet, Ring Road, Near Moolchand Flyover, Lajpat Nagar",Lajpat Nagar,South Delhi,110024,Tata Power / BPCL,CCS-2 Fast DC (30 kW / 50 kW),50 kW (Fast DC),All CCS-2 compatible 4Ws,₹16 - ₹20 / kWh,Public (24/7)
Tata Power / IOCL - Mathura Road Ashram Chowk,"IOCL Fuel Pump, Mathura Road, Near Ashram Flyover Descent",Ashram Chowk,South East Delhi,110014,Tata Power / IOCL,CCS-2 Fast DC (50 kW),50 kW (Fast DC),All CCS-2 compatible 4Ws,₹16 - ₹20 / kWh,Public (24/7)
Tata Power / IOCL - Naraina Vihar Ring Road,"IOCL COCO Station, Ring Road, Naraina Industrial Area Phase 1",Naraina,South West Delhi,110028,Tata Power / IOCL,CCS-2 Fast DC (50 kW),50 kW (Fast DC),All CCS-2 compatible 4Ws,₹16 - ₹20 / kWh,Public (24/7)
Tata Power / BPCL - GT Karnal Road Mukarba Chowk,"BPCL Highway Oasis, GT Karnal Road, Near Mukarba Chowk Flyover",Mukarba Chowk / Jahangirpuri,North Delhi,110033,Tata Power / BPCL,CCS-2 Fast DC (60 kW),60 kW (Fast DC),All CCS-2 compatible 4Ws,₹16 - ₹20 / kWh,Public (24/7)
Tata Power / IOCL - Rohtak Road Punjabi Bagh,"IOCL Retail Outlet, Rohtak Road, Near Shivaji Park Metro, Punjabi Bagh",Punjabi Bagh,West Delhi,110026,Tata Power / IOCL,CCS-2 Fast DC (50 kW),50 kW (Fast DC),All CCS-2 compatible 4Ws,₹16 - ₹20 / kWh,Public (24/7)
ChargeZone - DLF Cybercity / Horizon Centre Border Hub,"Nelson Mandela Marg, DLF Emporio Mall Parking, Vasant Kunj",Vasant Kunj,South West Delhi,110070,ChargeZone,CCS-2 Dual Fast DC (60 kW),60 kW (Fast DC),"All CCS-2 compatible 4Ws (Tata, MG, BYD, Porsche, BMW, etc.)",₹16 - ₹20 / kWh,Public (10:00 AM - 11:00 PM)
Tata Power - Ansal Plaza Khel Gaon Marg,"Basement Parking, Ansal Plaza Shopping Complex, Andrews Ganj, Khel Gaon Marg",Andrews Ganj / Khel Gaon,South Delhi,110049,Tata Power EZ Charge,CCS-2 Fast DC (50 kW) & AC Type 2,50 kW (Fast DC),All CCS-2 & Type 2 compatible 4Ws & 2Ws,₹16 - ₹20 / kWh,Public (10:00 AM - 11:00 PM)
Statiq - TDI Mall Shivaji Place Rajouri Garden,"Basement 2, TDI Mall, Shivaji Place Commercial Complex, Rajouri Garden",Rajouri Garden,West Delhi,110027,Statiq,CCS-2 Fast DC (60 kW),60 kW (Fast DC),All CCS-2 compatible 4Ws,₹16 - ₹20 / kWh,Public (10:00 AM - 11:00 PM)
Tata Power - The Claridges Hotel New Delhi,"12 Dr APJ Abdul Kalam Road, Aurangzeb Road Area",APJ Abdul Kalam Road,New Delhi,110011,Tata Power EZ Charge,CCS-2 (50 kW) & AC Type 2 (22 kW),50 kW DC / 22 kW AC (Fast),All CCS-2 & Type 2 compatible 4Ws & 2Ws,₹16 - ₹20 / kWh,Public (24/7)
Sunfuel - Hyatt Regency Bhikaji Cama Place,"Hyatt Regency Delhi, Bhikaji Cama Place, Ring Road",Bhikaji Cama Place,South West Delhi,110066,Sunfuel Electric,CCS-2 Fast DC (60 kW) & Type 2 AC,60 kW DC / 22 kW AC (Fast),All CCS-2 & Type 2 compatible 4Ws & 2Ws,₹16 - ₹20 / kWh,Public (24/7)
Sunfuel - The Imperial Janpath,"The Imperial Hotel, Janpath Lane, Connaught Place",Janpath,Central Delhi,110001,Sunfuel Electric,Type 2 AC (22 kW) & CCS-2 (30 kW),30 kW (Fast DC),All CCS-2 & Type 2 compatible 4Ws & 2Ws,₹10 - ₹13 / kWh,Public (24/7)
Tata Power - Aerocity Aloft / Marriott Complex,"Asset 5B, Hospitality District, Aerocity, Near Terminal 3",Aerocity,South West Delhi,110037,Tata Power EZ Charge,CCS-2 Dual Fast DC (60 kW),60 kW (Fast DC),All CCS-2 compatible 4Ws,₹16 - ₹20 / kWh,Public (24/7)
ChargeZone - Crowne Plaza Rohini Hub,"Sector 10, Twin District Centre, Rohini, Near Rithala Metro",Rohini Sector 10,North West Delhi,110085,ChargeZone,CCS-2 Dual Fast DC (60 kW),60 kW (Fast DC),All CCS-2 compatible 4Ws,₹16 - ₹20 / kWh,Public (24/7)
Tata Power - Pacific Mall Jasola,"Basement Parking, Pacific Premium Outlets Mall, Mathura Road, Jasola",Jasola,South East Delhi,110076,Tata Power EZ Charge,CCS-2 Fast DC (60 kW Dual Gun),60 kW (Fast DC),All CCS-2 compatible 4Ws,₹16 - ₹20 / kWh,Public (10:00 AM - 11:00 PM)
Tata Power - Max Super Speciality Hospital Saket,"Basement & Visitor Parking, Max Hospital, 1, 2 Press Enclave Marg, Saket",Saket,South Delhi,110017,Tata Power EZ Charge,CCS-2 Fast DC (50 kW) & AC Type 2,50 kW (Fast DC),All CCS-2 & Type 2 compatible 4Ws & 2Ws,₹16 - ₹20 / kWh,Public (24/7)
Statiq - Fortis Escorts Heart Institute Okhla Road,"Visitor Parking Area, Fortis Hospital, Okhla Road, Sukhdev Vihar",Sukhdev Vihar / Okhla,South East Delhi,110025,Statiq,CCS-2 Fast DC (60 kW),60 kW (Fast DC),All CCS-2 compatible 4Ws,₹16 - ₹20 / kWh,Public (24/7)
Statiq - BLK-Max Super Speciality Hospital Pusa Road,"Visitor Parking, BLK-Max Hospital, Pusa Road, Karol Bagh",Karol Bagh / Rajendra Place,Central West Delhi,110005,Statiq,CCS-2 Fast DC (60 kW),60 kW (Fast DC),All CCS-2 compatible 4Ws,₹16 - ₹20 / kWh,Public (24/7)
Tata Power - Sir Ganga Ram Hospital Rajinder Nagar,"Hospital Complex Parking, Sir Ganga Ram Hospital Marg, Old Rajinder Nagar",Rajinder Nagar,Central West Delhi,110060,Tata Power EZ Charge,CCS-2 Fast DC (50 kW) & AC Type 2,50 kW (Fast DC),All CCS-2 & Type 2 compatible 4Ws & 2Ws,₹16 - ₹20 / kWh,Public (24/7)
Bolt.Earth - IP Extension Madhu Vihar Market,"Shop 4, Main Madhu Vihar Market, IP Extension, Patparganj",Madhu Vihar / IP Extension,East Delhi,110092,Bolt.Earth,AC Smart Socket (3.3 kW Bolt Lite),3.3 kW (AC Smart Socket),"Universal (All 2Ws, 3Ws & 4Ws with portable/onboard charger)",₹9 - ₹12 / kWh (or ₹15 - ₹25 / hr base tariff),Public (24/7)
Bolt.Earth - Paschim Vihar BG-6 DDA Market,"Near DDA Community Centre, BG-6 Block, Paschim Vihar",Paschim Vihar,West Delhi,110063,Bolt.Earth,AC Smart Socket (3.3 kW Bolt Lite),3.3 kW (AC Smart Socket),"Universal (All 2Ws, 3Ws & 4Ws with portable/onboard charger)",₹9 - ₹12 / kWh (or ₹15 - ₹25 / hr base tariff),Public (24/7)
Bolt.Earth - Rohini Sector 11 Garg Trade Centre,"Garg Trade Centre, Sector 11, Rohini",Rohini Sector 11,North West Delhi,110085,Bolt.Earth,AC Smart Socket (3.3 kW Bolt Lite),3.3 kW (AC Smart Socket),"Universal (All 2Ws, 3Ws & 4Ws with portable/onboard charger)",₹9 - ₹12 / kWh (or ₹15 - ₹25 / hr base tariff),Public (24/7)
Bolt.Earth - GTB Nagar Kingsway Camp Chowk,"Near Hudson Lane Crossing, Kingsway Camp, GTB Nagar",GTB Nagar / Hudson Lane,North Delhi,110009,Bolt.Earth,AC Smart Socket (3.3 kW Bolt Lite),3.3 kW (AC Smart Socket),"Universal (All 2Ws, 3Ws & 4Ws with portable/onboard charger)",₹9 - ₹12 / kWh (or ₹15 - ₹25 / hr base tariff),Public (24/7)
Ather Grid - Blue Tokai SDA Market,"SDA Market, Opposite IIT Main Gate, Sri Aurobindo Marg",SDA / Hauz Khas,South Delhi,110016,Ather Grid,Ather Fast DC (LECCS),Up to 3.3 kW - 15 kW (Fast DC / LECCS),"Ather Energy (450X, 450S, Rizta) & LECCS compatible 2Ws",₹15 - ₹19 / kWh,Public (08:00 AM - 11:00 PM)
Ather Grid - Chaayos NSP Pitampura,"G-5, Ground Floor, Aggarwal Cyber Plaza 1, Netaji Subhash Place",Pitampura / NSP,North West Delhi,110034,Ather Grid,Ather Fast DC (LECCS),Up to 3.3 kW - 15 kW (Fast DC / LECCS),Ather Energy & LECCS compatible 2Ws,₹15 - ₹19 / kWh,Public (24/7)
Ather Grid - Blue Tokai Khan Market,"Middle Lane, Khan Market, Rabindra Nagar",Khan Market,Central Delhi,110003,Ather Grid,Ather Fast DC (LECCS),Up to 3.3 kW - 15 kW (Fast DC / LECCS),Ather Energy & LECCS compatible 2Ws,₹15 - ₹19 / kWh,Public (08:30 AM - 10:30 PM)
Ola Hypercharger - Janakpuri East Metro Station,"Near Metro Pillar 542, Janakpuri East Metro Station, Najafgarh Road",Janakpuri,West Delhi,110058,Ola Electric,Ola Proprietary Fast DC (Hypercharger),Up to 25 kW (Hypercharger Fast DC),Ola Electric,₹13 - ₹16 / kWh,Public (24/7)
Ola Hypercharger - Karkardooma Cross River Mall,"Cross River Mall Outer Parking, CBD Ground, Shahdara / Karkardooma",Karkardooma,East Delhi,110032,Ola Electric,Ola Proprietary Fast DC (Hypercharger),Up to 25 kW (Hypercharger Fast DC),Ola Electric,₹13 - ₹16 / kWh,Public (24/7)
Ola Hypercharger - Badarpur Border Flyover Point,"Near Badarpur Toll Plaza / Metro Station, Mathura Road, Badarpur",Badarpur,South East Delhi,110044,Ola Electric,Ola Proprietary Fast DC (Hypercharger),Up to 25 kW (Hypercharger Fast DC),Ola Electric,₹13 - ₹16 / kWh,Public (24/7)
Ola Hypercharger - Narela DSIDC Industrial Complex,"Near DSIIDC Sector A-5, Main Narela-Bawana Road, Narela",Narela,North Delhi,110040,Ola Electric,Ola Proprietary Fast DC (Hypercharger),Up to 25 kW (Hypercharger Fast DC),Ola Electric,₹13 - ₹16 / kWh,Public (24/7)
Bajaj Chetak Experience Centre - Dwarka Sector 14,"Near Vegas Mall Commercial Corridor, Sector 14, Dwarka",Dwarka Sector 14,South West Delhi,110078,Bajaj Chetak Network,Standard AC Fast (IEC 60309 / Type 2),3.3 kW - 7.4 kW (AC Standard),Bajaj Auto (Chetak) & Compatible EV 2Ws,₹10 - ₹14 / kWh (Free/Discounted for Chetak owners at dealers),Public (09:30 AM - 08:00 PM)
Bajaj Chetak Charging Station - Vikas Marg Nirman Vihar,"Opposite V3S Mall, Vikas Marg, Nirman Vihar",Nirman Vihar / Laxmi Nagar,East Delhi,110092,Bajaj Chetak Network,Standard AC Fast (IEC 60309 / 3.3 kW),3.3 kW - 7.4 kW (AC Standard),Bajaj Auto (Chetak) & Compatible EV 2Ws,₹10 - ₹14 / kWh (Free/Discounted for Chetak owners at dealers),Public (09:30 AM - 08:00 PM)
